{
  "all gather": [
    [
      0.25,
      0.5,
      1.0,
      2.0,
      4.0,
      8.0,
      16.0,
      32.0,
      64.0,
      128.0,
      256.0,
      512.0
    ],
    [
      0.017050647735595705,
      0.01697092056274414,
      0.017047595977783204,
      0.01705167293548584,
      0.01709465980529785,
      0.017161035537719728,
      0.017168116569519044,
      0.01729440689086914,
      0.017450642585754395,
      0.01793365478515625,
      0.018938732147216798,
      0.018626880645751954
    ]
  ],
  "all reduce": [
    [
      0.25,
      0.5,
      1.0,
      2.0,
      4.0,
      8.0,
      16.0,
      32.0,
      64.0,
      128.0,
      256.0,
      512.0
    ],
    [
      0.00029621124267578127,
      0.0003087043762207031,
      0.0003238201141357422,
      0.00029952526092529296,
      0.0003688573837280273,
      0.00042085647583007814,
      0.000533294677734375,
      0.0007121801376342773,
      0.0009022712707519531,
      0.0015013456344604493,
      0.002604985237121582,
      0.0048190832138061525
    ]
  ],
  "reduce scatter": [
    [
      0.25,
      0.5,
      1.0,
      2.0,
      4.0,
      8.0,
      16.0,
      32.0,
      64.0,
      128.0,
      256.0,
      512.0
    ],
    [
      0.0006368160247802734,
      0.0009001493453979492,
      0.0005036115646362305,
      0.0008295774459838867,
      0.0006284952163696289,
      0.0006097555160522461,
      0.0010236978530883789,
      0.0007615089416503906,
      0.000969099998474121,
      0.0014830589294433593,
      0.002394843101501465,
      0.004157066345214844
    ]
  ],
  "all to all": [
    [
      0.25,
      0.5,
      1.0,
      2.0,
      4.0,
      8.0,
      16.0,
      32.0,
      64.0,
      128.0,
      256.0,
      512.0
    ],
    [
      0.018045878410339354,
      0.01786086559295654,
      0.017101550102233888,
      0.016910505294799805,
      0.016951107978820802,
      0.01701045036315918,
      0.01714966297149658,
      0.016887688636779787,
      0.00273435115814209,
      0.000716090202331543,
      0.0009747028350830078,
      0.0014144182205200195
    ]
  ]
}
