{
  "all gather": [
    [
      0.25,
      0.5,
      1.0,
      2.0,
      4.0,
      8.0,
      16.0,
      32.0,
      64.0,
      128.0,
      256.0,
      512.0
    ],
    [
      0.05180919170379639,
      0.05146768093109131,
      0.05152981281280518,
      0.05157580375671387,
      0.0012136220932006836,
      0.0015923023223876954,
      0.0020998001098632814,
      0.0015050172805786133,
      0.0017590522766113281,
      0.002539539337158203,
      0.0032071590423583983,
      0.06259112358093262
    ]
  ],
  "all reduce": [
    [
      0.25,
      0.5,
      1.0,
      2.0,
      4.0,
      8.0,
      16.0,
      32.0,
      64.0,
      128.0,
      256.0,
      512.0
    ],
    [
      0.005392670631408691,
      0.005529880523681641,
      0.005478096008300781,
      0.005201959609985351,
      0.005406713485717774,
      0.005557894706726074,
      0.005795717239379883,
      0.005960416793823242,
      0.0063076019287109375,
      0.015114092826843261,
      0.015998435020446778,
      0.027419137954711913
    ]
  ],
  "reduce scatter": [
    [
      0.25,
      0.5,
      1.0,
      2.0,
      4.0,
      8.0,
      16.0,
      32.0,
      64.0,
      128.0,
      256.0,
      512.0
    ],
    [
      0.026781582832336427,
      0.0016937732696533203,
      0.0017365217208862305,
      0.0016034841537475586,
      0.0017096042633056641,
      0.0019363641738891601,
      0.0022066593170166015,
      0.0019835472106933595,
      0.0020725011825561525,
      0.002443671226501465,
      0.003660106658935547,
      0.0057839155197143555
    ]
  ],
  "all to all": [
    [
      0.25,
      0.5,
      1.0,
      2.0,
      4.0,
      8.0,
      16.0,
      32.0,
      64.0,
      128.0,
      256.0,
      512.0
    ],
    [
      0.05386221408843994,
      0.051555418968200685,
      0.021165132522583008,
      0.001184391975402832,
      0.0014412641525268556,
      0.001375126838684082,
      0.001291203498840332,
      0.0017063379287719726,
      0.0012265682220458985,
      0.0013031959533691406,
      0.001764369010925293,
      0.001971316337585449
    ]
  ]
}
