{
  "all gather": [
    [
      0.25,
      0.5,
      1.0,
      2.0,
      4.0,
      8.0,
      16.0,
      32.0,
      64.0,
      128.0,
      256.0,
      512.0
    ],
    [
      0.029539847373962404,
      0.028463411331176757,
      0.013848423957824707,
      0.0006072998046875,
      0.0009058713912963867,
      0.000886082649230957,
      0.0008183717727661133,
      0.0009612798690795899,
      0.0012127876281738282,
      0.0015856504440307617,
      0.0025009870529174804,
      0.0044220685958862305
    ]
  ],
  "all reduce": [
    [
      0.25,
      0.5,
      1.0,
      2.0,
      4.0,
      8.0,
      16.0,
      32.0,
      64.0,
      128.0,
      256.0,
      512.0
    ],
    [
      0.0003414154052734375,
      0.00041208267211914065,
      0.00033528804779052733,
      0.0003468513488769531,
      0.0004187345504760742,
      0.0004812002182006836,
      0.0005032777786254883,
      0.0006810903549194336,
      0.0010546207427978515,
      0.0016033411026000976,
      0.002811574935913086,
      0.005340051651000976
    ]
  ],
  "reduce scatter": [
    [
      0.25,
      0.5,
      1.0,
      2.0,
      4.0,
      8.0,
      16.0,
      32.0,
      64.0,
      128.0,
      256.0,
      512.0
    ],
    [
      0.0011440277099609374,
      0.0010862112045288085,
      0.0011052131652832032,
      0.0011761903762817383,
      0.0008022308349609375,
      0.0012315273284912109,
      0.0011649370193481446,
      0.001171445846557617,
      0.001577472686767578,
      0.0017426729202270508,
      0.0032947301864624024,
      0.004651904106140137
    ]
  ],
  "all to all": [
    [
      0.25,
      0.5,
      1.0,
      2.0,
      4.0,
      8.0,
      16.0,
      32.0,
      64.0,
      128.0,
      256.0,
      512.0
    ],
    [
      0.028547143936157225,
      0.028542041778564453,
      0.0283461332321167,
      0.028509140014648438,
      0.0012618064880371093,
      0.0006998300552368164,
      0.0008265495300292969,
      0.0007447957992553711,
      0.0011143922805786134,
      0.0011379003524780273,
      0.001148056983947754,
      0.001277613639831543
    ]
  ]
}
