{
  "all gather": [
    [
      0.25,
      0.5,
      1.0,
      2.0,
      4.0,
      8.0,
      16.0,
      32.0,
      64.0,
      128.0,
      256.0,
      512.0
    ],
    [
      0.00034034252166748047,
      0.00037512779235839846,
      0.0003477334976196289,
      0.0003787040710449219,
      0.00039501190185546874,
      0.0004168510437011719,
      0.00045654773712158205,
      0.0005896091461181641,
      0.0007951736450195312,
      0.001247739791870117,
      0.0020885229110717773,
      0.003815174102783203
    ]
  ],
  "all reduce": [
    [
      0.25,
      0.5,
      1.0,
      2.0,
      4.0,
      8.0,
      16.0,
      32.0,
      64.0,
      128.0,
      256.0,
      512.0
    ],
    [
      0.00025429725646972654,
      0.00027587413787841795,
      0.000278782844543457,
      0.00029337406158447266,
      0.0003055095672607422,
      0.00032358169555664064,
      0.0003885030746459961,
      0.0005956888198852539,
      0.0007241249084472656,
      0.0012053251266479492,
      0.0021879911422729493,
      0.004020094871520996
    ]
  ],
  "reduce scatter": [
    [
      0.25,
      0.5,
      1.0,
      2.0,
      4.0,
      8.0,
      16.0,
      32.0,
      64.0,
      128.0,
      256.0,
      512.0
    ],
    [
      0.00043044090270996096,
      0.00037596225738525393,
      0.0003805398941040039,
      0.00040967464447021483,
      0.0005321502685546875,
      0.0005571603775024414,
      0.000500178337097168,
      0.0006249427795410156,
      0.000807499885559082,
      0.001304769515991211,
      0.0022077322006225585,
      0.0036898374557495115
    ]
  ],
  "all to all": [
    [
      0.25,
      0.5,
      1.0,
      2.0,
      4.0,
      8.0,
      16.0,
      32.0,
      64.0,
      128.0,
      256.0,
      512.0
    ],
    [
      0.0003772735595703125,
      0.0003284931182861328,
      0.00034313201904296876,
      0.0003873348236083984,
      0.00036830902099609374,
      0.00036525726318359375,
      0.00048248767852783204,
      0.00046117305755615233,
      0.0005624294281005859,
      0.0007740259170532227,
      0.0011620283126831054,
      0.001997685432434082
    ]
  ]
}
