{
    "all gather": [
        [
            0.25,
            0.5,
            1.0,
            2.0,
            4.0,
            8.0,
            16.0,
            32.0,
            64.0,
            128.0,
            256.0,
            512.0
        ],
        [
            0.1080631971359253,
            0.10469765663146972,
            0.00834052562713623,
            0.0020487308502197266,
            0.002344846725463867,
            0.0019771814346313476,
            0.002572488784790039,
            0.0025699853897094725,
            0.08785591125488282,
            0.08787775039672852,
            0.0038346290588378907,
            0.005972957611083985
        ]
    ],
    "all reduce": [
        [
            0.25,
            0.5,
            1.0,
            2.0,
            4.0,
            8.0,
            16.0,
            32.0,
            64.0,
            128.0,
            256.0,
            512.0
        ],
        [
            0.0004894495010375977,
            0.0005235433578491211,
            0.0008071422576904297,
            0.000553297996520996,
            0.000592350959777832,
            0.0006613731384277344,
            0.0010251522064208985,
            0.0012546062469482421,
            0.0017488718032836914,
            0.0023847341537475584,
            0.004178428649902343,
            0.007097625732421875
        ]
    ],
    "reduce scatter": [
        [
            0.25,
            0.5,
            1.0,
            2.0,
            4.0,
            8.0,
            16.0,
            32.0,
            64.0,
            128.0,
            256.0,
            512.0
        ],
        [
            0.002982211112976074,
            0.0026816129684448242,
            0.003106427192687988,
            0.002877163887023926,
            0.0030056238174438477,
            0.0028972864151000977,
            0.0028738975524902344,
            0.0026230812072753906,
            0.0031487226486206056,
            0.0034871816635131834,
            0.004593896865844727,
            0.006965112686157226
        ]
    ],
    "all to all": [
        [
            0.25,
            0.5,
            1.0,
            2.0,
            4.0,
            8.0,
            16.0,
            32.0,
            64.0,
            128.0,
            256.0,
            512.0
        ],
        [
            0.10162621217019248,
            0.09312442486097404,
            0.015803313666463356,
            0.0017765879631042479,
            0.0016462447903484423,
            0.0027020471731946235,
            0.0020170678402762162,
            0.003909244829356935,
            0.0013500359160346011,
            0.0014925030027271196,
            0.002711536143449099,
            0.003041677062357991
        ]
    ]
}
